"","latitude","longitude","date","depth","temperature","salinity","chl_ctd","pc_ctd","cdom_ctd","chl_a676","X","Z"
"1",38.3239,-74.9778,"2018-11-02 00:06:13.0",1,17.2087,30.6084,1.3431,0.0427,3.4314,6.2888,NA,-17
"2",38.279,-74.9728,"2018-11-02 00:25:32.0",1,17.4779,31.2574,1.1374,0,3.0702,5.6533,NA,-20
"3",38.2358,-74.968,"2018-11-02 00:45:33.0",1,17.6528,31.2127,1.6335,0.0854,3.1605,6.3033,NA,-13
"4",38.1949,-74.9632,"2018-11-02 01:05:31.0",1,17.8028,31.352,1.9239,0.0427,3.1605,6.8271,NA,-19
"5",38.1538,-74.9589,"2018-11-02 01:25:32.0",1,17.8213,31.4398,2.2506,0.0427,2.7993,7.1962,NA,-19
"6",38.1133,-74.9545,"2018-11-02 01:45:32.0",1,17.8761,31.5088,1.5246,0.0854,2.8896,6.0634,NA,-20
"7",38.0751,-74.9503,"2018-11-02 02:05:31.0",1,17.9981,31.6097,1.6456,0.0427,2.709,5.7252,NA,-20
"8",38.0363,-74.9536,"2018-11-02 02:25:31.0",1,18.0396,31.6353,1.4702,0.0854,2.5284,NA,NA,-23
"9",37.9997,-74.9583,"2018-11-02 02:45:32.0",1,18.0031,31.7078,1.2221,0.0427,2.5284,-1.9958,NA,-21
"10",38.0067,-74.9583,"2018-11-02 03:00:00.0",1,17.28,31.799,0.68,NA,NA,NA,NA,-21
"11",38.0091,-74.9564,"2018-11-02 03:05:31.0",1,17.9911,31.7089,1.2221,0.0427,2.6187,0.8028,NA,-21
"12",38.0241,-74.955,"2018-11-02 03:25:32.0",1,17.9893,31.7011,1.2705,0.0427,2.6187,NA,NA,-22
"13",37.9954,-74.9399,"2018-11-02 04:05:31.0",1,18.1812,31.7295,1.2584,0,2.5284,1.8625,NA,-24
"14",37.9657,-74.9352,"2018-11-02 04:25:32.0",1,18.2735,31.7995,0.9801,0.0427,2.5284,2.4147,NA,-26
"15",37.9374,-74.9306,"2018-11-02 04:45:31.0",1,18.1782,31.9366,1.1253,0,2.3478,2.5601,NA,-22
"16",37.9109,-74.9264,"2018-11-02 05:05:31.0",1,18.0939,31.9691,1.0769,-0.0427,2.3478,2.4699,NA,-23
"17",37.8842,-74.9222,"2018-11-02 05:25:33.0",1,18.1811,31.9892,1.0648,0,2.2575,2.4444,NA,-29
"18",37.8562,-74.9187,"2018-11-02 05:45:33.0",1,18.1581,32.0272,1.0527,0.0427,2.1672,2.3418,NA,-31
"19",37.8303,-74.9206,"2018-11-02 06:05:32.0",1,18.0656,32.0321,1.0285,0.0214,2.1672,2.392,NA,-31
"20",37.8283,-74.9204,"2018-11-02 06:25:31.0",1,18.0773,32.0931,1.1495,0.0214,2.0769,2.306,NA,-31
"21",37.8089,-74.9198,"2018-11-02 06:45:31.0",1,18.0176,32.2002,0.9801,0,2.0318,2.2512,NA,-29
"22",37.7814,-74.9186,"2018-11-02 07:05:33.0",1,17.9905,32.23,0.968,-0.0427,1.9866,2.1777,NA,-28
"23",37.7559,-74.9176,"2018-11-02 07:25:31.0",1,17.983,32.2411,0.7381,0,2.0769,1.9404,NA,-27
"24",37.7303,-74.917,"2018-11-02 07:45:32.0",1,17.8123,32.3347,0.9075,0.0427,2.0769,NA,NA,-26
"25",37.704,-74.9156,"2018-11-02 08:05:31.0",1,17.9644,32.4003,0.9438,0.0427,2.4381,-3.6392,NA,-32
"26",37.6771,-74.9159,"2018-11-02 08:25:31.0",1,17.9368,32.4686,0.484,0,2.0769,1.557,NA,-26
"27",37.6656,-74.9142,"2018-11-02 08:45:32.0",1,18.0401,32.4683,0.605,-0.0427,1.8963,1.6466,NA,-32
"28",37.6571,-74.9244,"2018-11-02 09:05:31.0",1,18.0055,32.507,0.6171,0,1.806,1.7087,NA,-33
"29",37.6604,-74.9687,"2018-11-02 09:25:31.0",1,18.0573,32.5601,0.7865,0,1.8963,1.7908,NA,-27
"30",37.6628,-75.0114,"2018-11-02 09:45:32.0",1,18.2538,32.2874,0.9438,0.0427,1.8963,1.9764,NA,-27
"31",37.6647,-75.0527,"2018-11-02 10:05:33.0",1,18.3546,32.2389,0.7623,-0.0427,1.9866,1.8681,NA,-26
"32",37.667,-75.0958,"2018-11-02 10:25:31.0",1,18.4611,32.1792,0.6897,-0.0427,2.1221,1.8591,NA,-28
"33",37.6692,-75.1386,"2018-11-02 10:45:31.0",1,18.6135,32.1923,0.8954,0.0427,2.0769,2.0804,NA,-27
"34",37.6693,-75.1804,"2018-11-02 11:05:32.0",1,18.7674,32.0892,0.7986,-0.0427,2.0769,2.1023,NA,-25
"35",37.669,-75.2243,"2018-11-02 11:25:31.0",1,18.7911,31.8722,1.0164,0,2.1672,2.21,NA,-23
"36",37.6681,-75.2707,"2018-11-02 11:45:31.0",1,19.0276,31.9195,1.0285,0.0427,2.0769,0.3368,NA,-23
"37",37.6663,-75.3179,"2018-11-02 12:05:31.0",1,19.0038,31.7607,1.0164,0.0214,2.1672,NA,NA,-17
"38",37.6641,-75.3666,"2018-11-02 12:25:31.0",1,18.8307,31.5616,1.1616,0.0214,2.3478,4.238,NA,-13
"39",37.6652,-75.4174,"2018-11-02 12:45:32.0",1,18.7838,31.4137,1.6819,0,2.6187,6.0772,NA,-15
"40",37.6701,-75.4225,"2018-11-02 13:05:32.0",1,18.6675,31.3533,1.8332,0.0427,2.8896,6.801,NA,-15
"41",37.6455,-75.4301,"2018-11-02 13:25:32.0",1,18.7278,31.4161,1.8876,0,2.7542,6.5462,NA,-15
"42",37.6111,-75.4395,"2018-11-02 13:45:32.0",1,18.6223,31.391,1.7666,0.0427,2.6187,5.4985,NA,-16
"43",37.579,-75.451,"2018-11-02 14:05:32.0",1,18.6331,31.4128,1.4399,0,2.5284,4.8902,NA,-15
"44",37.5464,-75.4632,"2018-11-02 14:25:31.0",1,18.6677,31.4048,1.2221,0,2.4381,4.6024,NA,-12
"45",37.5141,-75.4736,"2018-11-02 14:45:31.0",1,18.7068,31.166,1.7303,0.0427,2.3478,5.8724,NA,-14
"46",37.4841,-75.4826,"2018-11-02 15:05:31.0",1,18.788,31.0847,1.8755,0,2.709,6.1999,NA,-14
"47",37.451,-75.4921,"2018-11-02 15:25:32.0",1,18.9388,30.96,1.7908,0.0854,2.6187,6.0146,NA,-18
"48",37.4168,-75.5019,"2018-11-02 15:45:32.0",1,19.054,30.9901,1.5004,0.0427,2.6187,5.4906,NA,-18
"49",37.3835,-75.5107,"2018-11-02 16:05:31.0",1,19.1035,30.673,1.5488,0.0427,2.6187,5.8338,NA,-18
"50",37.3493,-75.5205,"2018-11-02 16:25:31.0",1,19.0803,30.2835,1.7666,0.0427,2.709,6.3463,NA,-16
"51",37.3156,-75.5326,"2018-11-02 16:45:32.0",1,19.0683,29.5165,2.1417,0.0854,3.1605,7.4615,NA,-16
"52",37.2823,-75.5452,"2018-11-02 17:05:32.0",1,19.1507,29.1983,2.2687,0,3.2508,7.7763,NA,-15
"53",37.2487,-75.5571,"2018-11-02 17:25:32.0",1,19.0452,28.3827,2.4321,0,3.4314,8.0655,NA,-18
"54",37.2141,-75.5696,"2018-11-02 17:45:32.0",1,18.9826,27.5057,3.0008,0.0427,4.0635,9.5909,NA,-15
"55",37.181,-75.5819,"2018-11-02 18:05:32.0",1,18.9333,26.5723,3.9567,0.0854,4.4247,11.8713,NA,-17
"56",37.1467,-75.5953,"2018-11-02 18:25:32.0",1,18.9309,26.03,4.2834,0.0427,4.7859,12.5485,NA,-17
"57",37.1133,-75.6094,"2018-11-02 18:45:32.0",1,18.9757,25.9153,4.7311,0.1281,4.6956,13.7001,NA,-18
"58",37.0818,-75.624,"2018-11-02 19:05:32.0",1,19.2334,28.5835,2.7467,-0.0427,3.5217,8.6771,NA,-16
"59",37.0498,-75.6411,"2018-11-02 19:25:32.0",1,19.3196,29.0532,2.7104,0,3.1605,9.2569,NA,-18
"60",37.0158,-75.6588,"2018-11-02 19:45:32.0",1,19.3884,29.3808,2.4684,0.0427,3.0702,8.3414,NA,-21
"61",36.9822,-75.6763,"2018-11-02 20:05:31.0",1,19.417,29.6376,2.1054,0.0427,3.025,8.9887,NA,-18
"62",36.9468,-75.6915,"2018-11-02 20:25:31.0",1,19.4951,29.6802,2.2143,0,2.9799,8.5122,NA,-15
"63",36.9114,-75.7042,"2018-11-02 20:45:32.0",1,19.6675,29.9221,1.7061,0.1281,2.7993,NA,NA,-13
"64",36.8769,-75.7177,"2018-11-02 21:05:31.0",1,19.6762,30.1615,1.4036,0,2.6187,-11.9667,NA,-20
"65",36.839,-75.7279,"2018-11-02 21:25:32.0",1,19.721,30.2944,1.2342,0.0427,2.5284,NA,NA,-20
"66",36.801,-75.7363,"2018-11-02 21:45:31.0",1,19.7385,30.5079,1.089,-0.0427,2.709,NA,NA,-19
"67",36.7633,-75.7416,"2018-11-02 22:05:32.0",1,19.8203,30.491,1.2342,0,2.6187,NA,NA,-16
"68",36.8526,-76.2982,"2018-11-03 14:45:44.0",1,17.9857,16.2901,1.9239,0.0854,22.9362,4.5251,NA,-5
"69",36.8526,-76.2982,"2018-11-03 20:46:07.0",1,18.2867,16.3085,2.0691,0.0854,21.672,3.4009,NA,-5
"70",36.8526,-76.2982,"2018-11-03 20:48:36.0",1,18.3315,16.2548,NA,0.1708,21.6269,3.3755,NA,-5
"71",36.8526,-76.2983,"2018-11-03 21:06:05.0",1,18.4684,16.3005,1.7666,0.2989,21.2205,3.5253,NA,-5
"72",36.9468,-76.3375,"2018-11-04 12:57:42.0",1,16.46,17.3155,1.5246,0.2135,12.2808,9.3165,NA,-18
"73",36.9919,-76.3084,"2018-11-04 13:17:42.0",1,16.3488,18.6228,3.5816,0.1281,9.1203,15.0997,NA,-20
"74",36.9439,-76.0234,"2018-11-04 15:09:01.0",1,16.555,19.5015,1.2826,0.2135,10.0233,13.7315,NA,-18
"75",36.7545,-75.7679,"2018-11-04 17:00:20.0",1,18.7353,30.5847,0.9014,0.3843,15.1252,NA,NA,-13
"76",36.7224,-75.7272,"2018-11-04 17:20:19.0",1,18.64,31.0045,0.6776,0.2135,14.0868,NA,NA,-14
"77",36.6911,-75.6873,"2018-11-04 17:40:22.0",1,18.5851,31.1726,0.7623,0.3416,8.2173,NA,NA,-15
"78",36.6609,-75.6497,"2018-11-04 18:00:21.0",1,18.4597,31.333,0.8167,0.427,7.6755,1.3206,NA,-17
"79",36.63,-75.6117,"2018-11-04 18:20:21.0",1,18.383,31.439,1.0709,0.2989,13.1838,0.7833,NA,-17
"80",36.6199,-75.5982,"2018-11-04 18:40:21.0",1,18.3697,31.4652,1.1495,0.3843,12.9129,1.007,NA,-17
"81",36.6046,-75.5777,"2018-11-04 19:00:21.0",1,18.1396,31.7154,1.3794,0.427,16.254,-2.193,NA,-16
"82",36.5721,-75.5429,"2018-11-04 19:20:21.0",1,18.3103,31.1757,2.0933,0.3416,10.2942,-16.4439,NA,-24
"83",36.5398,-75.5086,"2018-11-04 19:40:21.0",1,18.4091,31.0141,2.3111,0.2135,15.4864,NA,NA,-22
"84",36.5079,-75.476,"2018-11-04 20:00:21.0",1,18.4642,31.1,2.2687,0.3843,15.2607,-0.5739,NA,-24
"85",36.476,-75.4427,"2018-11-04 20:20:20.0",1,18.4016,31.4106,2.1417,0.3843,14.0868,1.8429,NA,-26
"86",36.4472,-75.406,"2018-11-04 20:40:21.0",1,18.4078,31.5121,2.299,0.3416,14.8995,1.7812,NA,-26
"87",36.4194,-75.3708,"2018-11-04 21:00:19.0",1,18.3854,31.55,2.2627,0.3843,14.6286,1.8404,NA,-28
"88",36.3916,-75.3354,"2018-11-04 21:20:21.0",1,18.3376,31.7187,2.2385,0.427,13.2741,0.8811,NA,-30
"89",36.3657,-75.3004,"2018-11-04 21:40:20.0",1,18.4593,31.7107,1.936,0.3416,12.5968,1.7627,NA,-30
"90",36.3433,-75.2664,"2018-11-04 22:00:20.0",1,18.5806,31.6791,1.9663,0.3416,10.7909,1.2308,NA,-31
"91",36.3341,-75.2471,"2018-11-04 22:20:20.0",1,18.612,31.5708,2.0025,0.2989,12.1905,1.7887,NA,-32
"92",36.3096,-75.2288,"2018-11-04 22:40:19.0",1,18.6239,31.2656,1.7908,0.3416,11.1069,0.7521,NA,-30
"93",36.2718,-75.2193,"2018-11-04 23:00:21.0",1,18.794,31.2562,1.7424,0.2989,10.4748,-1.8149,NA,-32
"94",36.2322,-75.2083,"2018-11-04 23:20:19.0",1,18.8476,31.5128,1.694,0.2562,9.3912,0.8932,NA,-29
"95",36.194,-75.1936,"2018-11-04 23:40:19.0",1,18.8831,31.6485,1.5488,0.3416,9.3009,1.6352,NA,-27
"96",36.1658,-75.1705,"2018-11-05 00:00:20.0",1,18.8101,31.7661,1.5004,0.2562,8.7591,1.7938,NA,-31
"97",36.1609,-75.1588,"2018-11-05 00:20:20.0",1,18.7748,31.8863,1.331,0.2562,8.7591,1.8665,NA,-34
"98",36.117,-75.1669,"2018-11-05 00:40:20.0",1,19.1266,31.9631,1.4036,0.2562,7.8561,1.2145,NA,-32
"99",36.0756,-75.176,"2018-11-05 01:00:20.0",1,19.3439,32.5991,1.2705,0.2562,7.6755,1.6693,NA,-35
"100",36.0325,-75.1802,"2018-11-05 01:20:19.0",1,20.5769,33.6766,1.2342,0.2562,7.224,1.5267,NA,-33
"101",36.0048,-75.1681,"2018-11-05 01:40:21.0",1,21.1018,33.9545,1.2221,0.2135,6.4113,1.6327,NA,-32
"102",35.9999,-75.1661,"2018-11-05 02:00:21.0",1,20.9123,33.8152,1.1495,0.2135,6.6822,1.3754,NA,-28
"103",35.9984,-75.1186,"2018-11-05 02:20:21.0",1,20.2641,33.3828,1.0406,0.1708,6.4113,1.865,NA,-33
"104",35.9975,-75.0715,"2018-11-05 02:40:21.0",1,19.3552,32.8957,0.847,0.2135,6.5919,1.363,NA,-35
"105",35.9999,-75.0245,"2018-11-05 03:00:20.0",1,19.0829,32.6807,1.0043,0.1281,6.1856,1.6946,NA,-34
"106",36.0006,-74.9756,"2018-11-05 03:20:21.0",1,18.9938,32.5347,0.9075,0.1708,6.1856,1.7985,NA,-49
"107",35.9998,-74.9266,"2018-11-05 03:40:20.0",1,18.8025,32.6393,1.1253,0.1708,5.8695,1.6514,NA,-73
"108",35.9987,-74.8779,"2018-11-05 04:00:21.0",1,18.8964,32.9516,0.9498,0.0854,5.6889,1.5859,NA,-90
"109",35.9978,-74.827,"2018-11-05 04:20:21.0",1,19.0099,33.4691,1.0043,0.1708,5.6437,1.9836,NA,-106
"110",35.9987,-74.7782,"2018-11-05 05:00:20.0",1,19.4066,34.0811,0.8288,0.2135,4.7859,2.0525,NA,-391
"111",35.9972,-74.7812,"2018-11-05 05:20:21.0",1,19.4132,34.0823,0.6776,0.1708,4.515,2.0888,NA,-349
"112",35.9966,-74.7894,"2018-11-05 05:40:20.0",1,18.9925,33.3859,0.5626,0.1281,4.6053,2.0083,NA,-255
"113",35.9641,-74.8171,"2018-11-05 06:00:20.0",1,18.8933,33.0416,0.7441,0.0854,4.515,2.1382,NA,-118
"114",35.9266,-74.8441,"2018-11-05 06:20:21.0",1,18.854,32.8033,0.5868,0.1281,4.7859,2.0262,NA,-102
"115",35.8888,-74.8731,"2018-11-05 06:40:21.0",1,18.9744,32.8772,0.6897,0.1281,4.3344,2.1318,NA,-94
"116",35.8528,-74.9018,"2018-11-05 07:00:20.0",1,19.0367,32.8492,0.5929,0.0854,4.1538,2.0687,NA,-81
"117",35.8346,-74.9121,"2018-11-05 07:20:20.0",1,19.065,32.8411,0.732,0.0854,4.5602,2.0732,NA,-80
"118",35.8333,-74.9363,"2018-11-05 07:40:21.0",1,19.1465,32.8107,0.6413,0.1281,3.9732,2.0086,NA,-64
"119",35.834,-74.9906,"2018-11-05 08:00:21.0",1,19.6928,33.0979,0.7018,0.1281,3.7926,2.083,NA,-50
"120",35.835,-75.0485,"2018-11-05 08:20:20.0",1,20.892,33.802,0.6897,0.0854,3.5669,2.0056,NA,-38
"121",35.8364,-75.1061,"2018-11-05 08:40:20.0",1,21.2897,34.1011,0.726,0.0854,3.612,2.0598,NA,-33
"122",35.8385,-75.1572,"2018-11-05 09:00:20.0",1,21.7061,34.4151,0.7199,0.1281,3.4314,2.1075,NA,-32
"123",35.8407,-75.2144,"2018-11-05 09:20:22.0",1,22.7393,34.9487,0.6292,0.1281,3.2508,1.803,NA,-35
"124",35.8407,-75.2706,"2018-11-05 09:40:21.0",1,20.1089,33.0303,0.7139,0.1281,3.4314,0.7656,NA,-29
"125",35.8379,-75.3235,"2018-11-05 10:00:20.0",1,19.8097,32.6534,0.6776,0.0854,3.3411,1.4456,NA,-30
"126",35.8346,-75.38,"2018-11-05 10:20:20.0",1,19.7895,32.3879,0.7018,0.0854,3.2508,0.891,NA,-21
"127",35.8297,-75.4149,"2018-11-05 10:40:22.0",1,19.778,32.2634,0.6897,0.1281,3.2508,-1.3267,NA,-21
"128",35.8291,-75.412,"2018-11-05 11:00:21.0",1,19.8013,32.3199,0.5324,0.0427,3.0702,-0.6424,NA,-21
"129",35.8496,-75.4386,"2018-11-05 11:20:21.0",1,19.7961,32.1996,0.5203,0.1281,3.2508,-0.2665,NA,-20
"130",35.8778,-75.4608,"2018-11-05 11:40:20.0",1,19.653,31.9686,0.4961,0.0854,2.9799,-1.1675,NA,-21
"131",35.9063,-75.4901,"2018-11-05 12:00:20.0",1,19.444,31.7262,0.484,0.0854,2.7993,0.8499,NA,-20
"132",35.9104,-75.5068,"2018-11-05 12:20:20.0",1,19.4074,31.733,0.4961,0.0854,2.6187,-12.0914,NA,-20
"133",35.8956,-75.477,"2018-11-05 12:40:20.0",1,19.5153,31.8052,0.4598,0.0854,2.5284,1.2236,NA,-20
"134",35.9389,-75.471,"2018-11-05 13:00:20.0",1,19.199,31.3503,0.363,0.0854,2.5284,1.7431,NA,-17
"135",35.9835,-75.4685,"2018-11-05 13:20:20.0",1,19.0846,31.197,0.4114,0.0854,2.2575,1.802,NA,-21
"136",36.0014,-75.4712,"2018-11-05 13:40:21.0",1,19.0988,31.1877,0.3993,0.0854,1.9866,1.7392,NA,-21
"137",36.0406,-75.4885,"2018-11-05 14:00:20.0",1,18.9847,31.1729,0.4114,0.0427,2.1672,1.7458,NA,-24
"138",36.0697,-75.4734,"2018-11-05 14:20:20.0",1,19.0317,31.237,0.4114,0.0427,2.2575,1.6358,NA,-23
"139",36.103,-75.4366,"2018-11-05 14:40:20.0",1,19.1029,31.4183,0.3751,0.0854,1.9866,1.9893,NA,-24
"140",36.144,-75.4469,"2018-11-05 15:00:20.0",1,19.1186,31.3498,0.3509,0.1281,1.8963,2.0275,NA,-24
"141",36.1876,-75.4633,"2018-11-05 15:20:22.0",1,18.9869,31.2216,0.3388,0.0854,1.7157,1.8612,NA,-26
"142",36.2307,-75.4806,"2018-11-05 15:40:21.0",1,18.8413,30.9966,0.363,0.0427,1.7609,1.7526,NA,-27
"143",36.2706,-75.4992,"2018-11-05 16:00:21.0",1,18.7644,30.8041,0.3146,0.1281,1.7157,1.5253,NA,-26
"144",36.3087,-75.5255,"2018-11-05 16:20:21.0",1,18.7302,30.8115,0.2904,0.0427,1.7157,1.9396,NA,-24
"145",36.3436,-75.5578,"2018-11-05 16:40:21.0",1,18.7352,31.0554,0.2783,0.0854,1.7157,1.7002,NA,-23
"146",36.3723,-75.5953,"2018-11-05 17:00:21.0",1,18.7557,31.1024,0.2904,0.1067,1.4448,1.6795,NA,-22
"147",36.4063,-75.6285,"2018-11-05 17:20:20.0",1,18.6804,31.2364,0.2783,0.1067,1.3545,1.2693,NA,-22
"148",36.4421,-75.66,"2018-11-05 17:40:20.0",1,18.5116,31.4335,0.2662,0.1281,1.6254,-4.3002,NA,-22
"149",36.4778,-75.6897,"2018-11-05 18:00:20.0",1,18.3695,31.5712,0.2299,0.1281,1.3545,0.7739,NA,-21
"150",36.5135,-75.718,"2018-11-05 18:20:21.0",1,18.4254,31.4931,0.3146,0.1921,1.3997,1.6679,NA,-24
"151",36.5497,-75.7439,"2018-11-05 18:40:20.0",1,18.5187,31.3552,0.242,0.1281,1.3545,0.7282,NA,-16
"152",36.5844,-75.7671,"2018-11-05 19:00:21.0",1,18.1775,27.6707,0.363,0.0854,1.4448,15.8097,NA,-19
"153",36.6193,-75.789,"2018-11-05 19:20:20.0",1,17.9093,25.5971,0.3509,0.1281,1.4448,15.2999,NA,-18
"154",36.6539,-75.812,"2018-11-05 19:40:20.0",1,17.5573,23.3245,0.3146,0.1708,1.4448,16.8672,NA,-15
"155",36.6847,-75.8417,"2018-11-05 20:00:20.0",1,17.5112,23.3422,0.2904,0.1281,1.5351,16.6945,NA,-16
"156",36.7202,-75.8647,"2018-11-05 20:20:21.0",1,17.5651,23.1674,0.2783,0.1281,1.2642,16.6213,NA,-15
"157",36.7583,-75.8814,"2018-11-05 20:40:22.0",1,17.5667,22.7669,0.2783,0.0854,1.5351,15.2133,NA,-10
"158",36.7958,-75.8966,"2018-11-05 21:00:20.0",1,17.4708,22.4852,0.2541,0.1708,1.4448,15.0088,NA,-12
"159",36.8352,-75.915,"2018-11-05 21:20:20.0",1,17.4266,22.3913,0.242,0.1708,1.4448,14.1427,NA,-11
"160",36.8761,-75.9369,"2018-11-05 21:40:21.0",1,17.8177,24.9463,0.1936,0.1708,1.4448,11.9752,NA,-10
"161",36.913,-75.9564,"2018-11-05 22:00:20.0",1,17.4259,22.6784,0.2541,0.1708,1.5351,12.551,NA,-11
"162",36.9381,-76.004,"2018-11-05 22:20:21.0",1,17.2818,21.8059,0.4053,0.2135,1.3545,12.3142,NA,-18
"163",36.9599,-76.0462,"2018-11-05 22:40:21.0",1,17.4305,23.3504,0.2662,0.1708,1.3997,10.9045,NA,-13
"164",36.9619,-76.0766,"2018-11-06 14:03:33.0",1,17.5509,23.4563,2.3051,0.2562,12.2356,12.0773,NA,-12
"165",36.9495,-76.0263,"2018-11-06 14:25:11.0",1,17.5938,23.0782,2.2748,0.2135,11.8293,11.4893,NA,-18
"166",36.9373,-75.9756,"2018-11-06 14:45:10.0",1,17.6345,23.5684,2.1175,0.2989,11.8293,11.2445,NA,-19
"167",36.9299,-75.9232,"2018-11-06 15:05:10.0",1,17.8786,26.6423,2.2506,0.2135,11.0166,10.2871,NA,-21
"168",36.9292,-75.8677,"2018-11-06 15:25:10.0",1,18.3876,30.3826,1.9723,0.2135,9.933,NA,NA,-10
"169",36.9262,-75.8111,"2018-11-06 15:45:10.0",1,18.3866,30.6162,1.8634,0.1708,9.6169,NA,NA,-11
"170",36.923,-75.7558,"2018-11-06 16:05:12.0",1,18.455,30.934,1.3855,0.2135,9.1203,5.4929,NA,-16
"171",36.9218,-75.6987,"2018-11-06 16:25:11.0",1,18.4901,31.0514,1.567,0.1708,8.8494,0.5727,NA,-18
"172",36.9208,-75.6417,"2018-11-06 16:45:11.0",1,18.446,31.0542,1.2947,0.1708,8.9397,1.4348,NA,-22
"173",36.9203,-75.5863,"2018-11-06 17:05:11.0",1,18.5339,31.1391,1.2524,0.1708,8.7591,0.8471,NA,-21
"174",36.92,-75.5288,"2018-11-06 17:25:11.0",1,18.5338,31.0192,1.6698,0.1281,8.3076,23.0931,NA,-21
"175",36.9188,-75.4713,"2018-11-06 17:45:11.0",1,18.4982,30.9127,1.5307,0.1708,8.3979,12.4502,NA,-27
"176",36.9197,-75.415,"2018-11-06 18:05:11.0",1,18.4235,30.8102,1.4036,0.0854,7.9464,13.9969,NA,-27
"177",36.9174,-75.3587,"2018-11-06 18:25:11.0",1,18.4055,30.7868,1.4097,0.1708,7.7658,12.4016,NA,-24
"178",36.9118,-75.3292,"2018-11-06 18:45:12.0",1,18.4077,30.7676,1.5851,0.1281,7.3143,NA,NA,-27
"179",36.8941,-75.2838,"2018-11-06 19:05:11.0",1,18.3116,30.6493,1.5307,0.1708,7.3143,1.6896,NA,-30
"180",36.8766,-75.2335,"2018-11-06 19:25:10.0",1,18.1582,30.7684,1.7001,0.2135,6.8628,0.9873,NA,-31
"181",36.8587,-75.1848,"2018-11-06 19:45:11.0",1,17.8764,30.9025,1.2584,0.1708,6.9531,1.3418,NA,-28
"182",36.8422,-75.137,"2018-11-06 20:05:10.0",1,17.7859,31.0724,1.452,0.1281,6.8628,1.1924,NA,-34
"183",36.8295,-75.0927,"2018-11-06 20:25:10.0",1,17.8469,30.9665,1.1132,0.1281,6.7725,1.6897,NA,-33
"184",36.8165,-75.0445,"2018-11-06 20:45:11.0",1,18.0089,30.7287,1.0467,0.1067,6.7274,1.601,NA,-35
"185",36.8026,-74.9968,"2018-11-06 21:05:10.0",1,17.8857,30.9936,1.0406,0.1067,6.2307,1.5512,NA,-34
"186",36.7852,-74.9481,"2018-11-06 21:25:10.0",1,17.8393,31.0941,1.1253,0.0854,6.321,1.6268,NA,-32
"187",36.7697,-74.9009,"2018-11-06 21:45:11.0",1,17.9223,31.0283,0.9801,0.1708,6.0501,1.7616,NA,-40
"188",36.754,-74.8532,"2018-11-06 22:05:12.0",1,17.8698,31.3924,1.1193,0.0854,5.9598,1.7709,NA,-46
"189",36.7423,-74.8323,"2018-11-06 22:25:12.0",1,17.8357,31.6199,2.3111,0.0854,5.3277,1.7959,NA,-51
"190",36.7415,-74.8382,"2018-11-06 22:45:11.0",1,17.8326,31.4005,0.6897,0.1281,4.6956,1.7467,NA,-47
"191",36.7852,-74.8476,"2018-11-06 23:05:10.0",1,17.8343,31.3778,0.7865,0.0854,4.6956,1.8045,NA,-48
"192",36.8313,-74.856,"2018-11-06 23:25:10.0",1,17.7341,31.743,0.7381,0.1281,4.6956,1.7592,NA,-49
"193",36.8716,-74.8631,"2018-11-06 23:45:10.0",1,17.757,32.3791,0.7381,0.1281,4.515,1.6911,NA,-48
"194",36.9159,-74.8764,"2018-11-07 00:05:12.0",1,17.8248,32.8794,0.6897,0.1708,4.515,1.8135,NA,-47
"195",36.9567,-74.8914,"2018-11-07 00:25:11.0",1,18.0838,33.5144,0.7986,0.1708,4.2441,1.7313,NA,-47
"196",36.9951,-74.9133,"2018-11-07 00:45:11.0",1,18.1054,33.6296,0.5989,0.0854,4.2441,1.6453,NA,-47
"197",36.9815,-74.9124,"2018-11-07 01:05:11.0",1,18.0487,33.5519,0.6473,0.1281,4.0635,1.7881,NA,-42
"198",36.9854,-74.8651,"2018-11-07 01:25:10.0",1,18.751,34.2548,0.7139,0.0854,3.9732,1.7237,NA,-58
"199",36.9999,-74.8162,"2018-11-07 01:45:11.0",1,19.0715,34.4339,0.7502,0.1281,3.7926,1.6952,NA,-58
"200",37.0163,-74.7613,"2018-11-07 02:05:10.0",1,18.7031,34.1829,0.6534,0.0854,3.7926,1.8704,NA,-76
"201",37.0325,-74.7107,"2018-11-07 02:25:10.0",1,18.6719,34.1637,0.7139,0.0854,3.8378,1.8511,NA,-83
"202",37.047,-74.6597,"2018-11-07 02:45:10.0",1,18.7175,34.187,0.6413,0.1281,3.612,1.8478,NA,-236
"203",37.0574,-74.608,"2018-11-07 03:05:10.0",1,18.5322,34.0303,0.6171,0.1281,3.6572,1.8207,NA,-435
"204",37.0781,-74.5843,"2018-11-07 03:25:10.0",1,18.4716,34.0063,0.5929,0.1281,3.5217,1.8444,NA,-130
"205",37.1001,-74.5768,"2018-11-07 03:45:11.0",1,18.4927,34.012,0.6776,0.0854,3.3411,1.8331,NA,-143
"206",37.1385,-74.5527,"2018-11-07 04:05:11.0",1,18.5889,34.0617,0.5566,0.064,3.4766,1.7586,NA,-296
"207",37.1779,-74.5281,"2018-11-07 04:25:11.0",1,18.5584,34.0101,0.7078,0.1281,3.1605,1.912,NA,-332
"208",37.2601,-74.4867,"2018-11-07 05:05:12.0",1,18.6217,34.1071,0.6594,0.1281,3.1605,1.5772,NA,-397
"209",37.3037,-74.4658,"2018-11-07 05:25:11.0",1,18.7499,34.1765,0.5868,0.1494,3.0702,1.6044,NA,-472
"210",37.3471,-74.4438,"2018-11-07 05:45:11.0",1,18.8755,34.2874,0.7683,0.1281,2.7993,1.5853,NA,-523
"211",37.388,-74.422,"2018-11-07 06:05:11.0",1,19.4491,34.6866,0.6957,0.0854,2.8896,1.7144,NA,-668
"212",37.4287,-74.3995,"2018-11-07 06:25:11.0",1,19.3195,34.6024,0.6897,0.0854,2.9799,1.7166,NA,-470
"213",37.4695,-74.3774,"2018-11-07 06:45:10.0",1,18.7839,34.3128,0.7441,0.0854,2.7993,1.6659,NA,-338
"214",37.5099,-74.3562,"2018-11-07 07:05:10.0",1,17.9605,33.8609,0.726,0.0854,2.8896,1.5061,NA,-157
"215",37.5505,-74.3329,"2018-11-07 07:25:10.0",1,17.2335,33.4909,0.7018,0.0427,2.6187,1.4754,NA,-158
"216",37.5911,-74.3106,"2018-11-07 07:45:11.0",1,17.0215,33.435,0.6897,0.0427,2.709,1.2892,NA,-125
"217",37.6315,-74.2885,"2018-11-07 08:05:12.0",1,17.0838,33.5394,0.6715,0.064,2.5284,1.4292,NA,-124
"218",37.6737,-74.2666,"2018-11-07 08:25:11.0",1,17.0807,33.6513,0.8228,0.064,2.5284,1.4962,NA,-123
"219",37.7029,-74.2519,"2018-11-07 08:45:10.0",1,17.2725,33.8517,0.4658,0.1281,2.5284,1.5441,NA,-115
"220",37.7009,-74.2478,"2018-11-07 09:05:11.0",1,17.2822,33.8454,0.5142,0.0854,2.3478,1.5196,NA,-121
"221",37.7199,-74.2802,"2018-11-07 09:25:11.0",1,17.3234,33.8919,0.6776,0.0854,2.5284,1.5413,NA,-110
"222",37.7441,-74.3284,"2018-11-07 09:45:10.0",1,16.7034,33.6216,0.6292,0.1281,2.4381,1.5387,NA,-83
"223",37.7613,-74.3308,"2018-11-07 10:05:10.0",1,16.4553,33.5089,0.605,0.1494,2.4381,1.589,NA,-76
"224",37.7573,-74.3786,"2018-11-07 10:25:12.0",1,16.3817,33.2648,0.6352,0.1281,2.6187,1.3467,NA,-66
"225",37.7516,-74.415,"2018-11-07 10:45:10.0",1,16.4507,33.2685,0.484,0.1281,2.2575,1.3727,NA,-63
"226",37.7733,-74.4402,"2018-11-07 11:05:10.0",1,16.5574,33.2858,0.8772,0.0854,2.4381,1.3521,NA,-60
"227",37.7995,-74.4866,"2018-11-07 11:25:11.0",1,16.6802,33.2161,0.8288,0.1281,2.5736,1.5324,NA,-57
"228",37.8184,-74.5313,"2018-11-07 11:45:10.0",1,16.7099,33.1347,0.7441,0.0854,2.6187,1.5483,NA,-56
"229",37.8399,-74.5788,"2018-11-07 12:05:11.0",1,16.7532,33.1245,0.5082,0.1281,2.3478,1.6004,NA,-51
"230",37.8347,-74.5702,"2018-11-07 12:25:11.0",1,16.7634,33.1343,0.5566,0.0854,2.2123,1.4826,NA,-51
"231",37.866,-74.5321,"2018-11-07 12:45:10.0",1,16.6884,33.0161,0.4477,0.1281,2.1672,1.3998,NA,-52
"232",37.8962,-74.4967,"2018-11-07 13:05:11.0",1,16.6587,33.0086,0.5203,0.0854,1.9866,1.3241,NA,-53
"233",37.9284,-74.4646,"2018-11-07 13:25:11.0",1,16.5228,32.9997,0.6957,0.0854,2.1672,1.3239,NA,-54
"234",37.9639,-74.4377,"2018-11-07 13:45:11.0",1,16.3846,32.9202,0.6292,0,2.709,NA,NA,-53
"235",37.9946,-74.4231,"2018-11-07 14:05:11.0",1,16.4052,32.8886,0.6413,0.3416,2.7993,NA,NA,-51
"236",38.0182,-74.4029,"2018-11-07 14:25:10.0",1,16.4156,32.8347,0.6292,0.3843,3.9732,NA,NA,-48
"237",38.0464,-74.3574,"2018-11-07 14:45:10.0",1,16.4255,32.6341,0.5687,0.427,10.0685,NA,NA,-48
"238",38.0769,-74.3355,"2018-11-07 15:05:11.0",1,16.4235,32.6168,0.5929,0.427,15.5316,NA,NA,-46
"239",38.0975,-74.3462,"2018-11-07 15:25:11.0",1,16.4865,32.6821,0.5082,0.491,16.254,NA,NA,-37
"240",38.1334,-74.3801,"2018-11-07 15:45:11.0",1,16.6546,32.7075,0.5203,0.2562,15.8476,-10.1566,NA,-41
"241",38.1634,-74.414,"2018-11-07 16:05:11.0",1,16.8051,32.6548,0.6655,0.3843,14.7189,-4.1029,NA,-42
"242",38.1876,-74.4099,"2018-11-07 16:25:11.0",1,16.7449,32.4049,0.9922,0.3416,13.4547,-3.5433,NA,-36
"243",38.2289,-74.3856,"2018-11-07 16:45:11.0",1,16.744,32.2609,1.1979,0.2989,12.7323,NA,NA,-41
"244",38.2696,-74.3619,"2018-11-07 17:05:11.0",1,16.7438,32.2099,1.3552,0.2989,13.4999,NA,NA,-42
"245",38.3129,-74.3414,"2018-11-07 17:25:11.0",1,16.6691,32.2458,1.4036,0.3416,13.3193,8.8755,NA,-42
"246",38.317,-74.3415,"2018-11-07 17:31:00.0",1,16.45,32.336,NA,NA,NA,NA,NA,-42
"247",38.3169,-74.3417,"2018-11-07 17:45:11.0",1,16.7297,32.2338,1.3915,0.3416,12.8226,NA,NA,-42
"248",38.3277,-74.3299,"2018-11-07 18:05:11.0",1,16.6312,32.3493,1.4036,0.2562,11.0166,NA,NA,-43
"249",38.3458,-74.2738,"2018-11-07 18:25:11.0",1,16.4481,32.6521,1.3492,0.2989,9.6621,8.207,NA,-51
"250",38.364,-74.2191,"2018-11-07 18:45:10.0",1,16.4149,32.7179,1.2705,0.3416,9.3009,NA,NA,-52
"251",38.3817,-74.1668,"2018-11-07 19:05:11.0",1,16.422,32.8588,1.2826,0.2562,8.8494,NA,NA,-50
"252",38.3999,-74.1132,"2018-11-07 19:25:11.0",1,16.3928,32.7784,1.1253,0.2135,8.2173,NA,NA,-58
"253",38.4174,-74.059,"2018-11-07 19:45:11.0",1,16.3606,32.8979,1.2826,0.2349,7.6755,NA,NA,-58
"254",38.4345,-74.0054,"2018-11-07 20:05:11.0",1,16.394,33.3396,1.3431,0.1708,7.3143,NA,NA,-53
"255",38.4541,-73.9505,"2018-11-07 20:25:11.0",1,16.2289,33.2868,1.2221,0.1708,6.8628,-5.8912,NA,-57
"256",38.4706,-73.8937,"2018-11-07 20:45:11.0",1,16.2366,33.2501,1.3189,0.2135,7.0434,-9.2675,NA,-57
"257",38.4852,-73.8372,"2018-11-07 21:05:10.0",1,16.1519,33.2644,1.2463,0.2135,7.0434,-2.6779,NA,-61
"258",38.5001,-73.7788,"2018-11-07 21:25:11.0",1,16.2191,33.2871,1.3431,0.1708,6.2307,-10.2406,NA,-63
"259",38.5153,-73.7197,"2018-11-07 21:45:11.0",1,16.2132,33.2342,1.2524,0.1708,6.2307,-2.6143,NA,-64
"260",38.5312,-73.6613,"2018-11-07 22:05:11.0",1,16.3397,33.0903,1.3068,0.1708,6.0501,-4.6609,NA,-70
"261",38.5468,-73.6017,"2018-11-07 22:25:11.0",1,16.1862,33.0475,1.3129,0.2135,5.8695,-4.8496,NA,-67
"262",38.5597,-73.5416,"2018-11-07 22:45:11.0",1,15.8575,33.0261,1.4823,0.1708,5.7792,NA,NA,-72
"263",38.5823,-73.506,"2018-11-07 23:05:11.0",1,15.7582,32.9804,1.0285,0.1708,5.9146,-14.565,NA,-75
"264",38.5981,-73.4903,"2018-11-07 23:25:10.0",1,15.7592,32.9431,0.9922,0.1281,5.418,NA,NA,-72
"265",38.6543,-73.3307,"2018-11-08 00:23:02.0",1,15.7524,33.047,1.089,0.0427,3.2508,-4.3965,NA,-84
"266",38.731,-73.1881,"2018-11-08 01:20:53.0",1,15.5256,33.3266,1.1858,0,1.8963,0.6702,NA,-101
"267",38.7528,-73.1741,"2018-11-08 01:40:52.0",1,15.5215,33.2816,1.1132,0.0427,2.709,1.1445,NA,-97
"268",38.7696,-73.1502,"2018-11-08 02:00:53.0",1,15.4959,33.3438,1.2947,0,2.4381,0.9094,NA,-96
"269",38.7919,-73.0977,"2018-11-08 02:20:52.0",1,15.4752,33.4303,1.4278,0.0854,2.3478,-0.2034,NA,-96
"270",38.8149,-73.0442,"2018-11-08 02:40:52.0",1,15.6695,33.7276,1.4399,0.0427,2.8896,0.017,NA,-120
"271",38.8383,-72.9931,"2018-11-08 03:00:51.0",1,15.576,33.5296,1.2947,0.1281,4.0635,-0.0947,NA,-113
"272",38.8591,-72.9378,"2018-11-08 03:20:52.0",1,15.7014,33.678,1.2705,0.1708,2.7542,0.7483,NA,-133
"273",38.8748,-72.8805,"2018-11-08 03:40:51.0",1,15.7054,33.6468,1.1374,0.0427,NA,1.0105,NA,-426
"274",38.8943,-72.828,"2018-11-08 04:00:51.0",1,15.5127,33.3766,1.1737,0.0854,NA,1.0035,NA,-752
"275",38.9171,-72.7762,"2018-11-08 04:20:52.0",1,15.4426,33.3522,1.2463,0.1281,3.7023,1.3621,NA,-788
"276",38.9642,-72.6755,"2018-11-08 05:00:52.0",1,15.1928,33.2586,1.8392,0.2135,16.4797,2.6883,NA,-1061
"277",38.9907,-72.6278,"2018-11-08 05:20:51.0",1,15.2545,33.3216,2.0086,0.5124,15.7122,2.6715,NA,-1133
"278",39.0122,-72.5851,"2018-11-08 05:40:53.0",1,15.1122,33.186,2.1901,0.3416,2.3478,2.9012,NA,-1171
"279",39.0096,-72.5845,"2018-11-08 06:00:52.0",1,15.1009,33.1736,2.2445,0.3843,14.4931,3.0422,NA,-1171
"280",39.0064,-72.5836,"2018-11-08 06:20:52.0",1,15.0821,33.1629,2.3353,0.4697,7.3143,3.0211,NA,-1223
"281",39.0085,-72.5916,"2018-11-08 06:40:52.0",1,15.1264,33.1961,2.057,0.2135,16.7055,2.8432,NA,-1199
"282",39.0292,-72.6448,"2018-11-08 07:00:52.0",1,15.2165,33.1975,1.9844,0.4697,16.6152,2.499,NA,-809
"283",39.0451,-72.7055,"2018-11-08 07:20:53.0",1,15.1422,33.1707,1.8029,0.3843,16.0734,2.6584,NA,-541
"284",39.0539,-72.7437,"2018-11-08 07:40:52.0",1,15.1665,33.1909,1.7182,0.427,NA,2.6178,NA,-199
"285",39.0521,-72.7432,"2018-11-08 08:00:52.0",1,15.1548,33.1813,1.7182,0.5124,15.5316,2.6606,NA,-199
"286",39.0794,-72.7664,"2018-11-08 08:20:52.0",1,15.3536,33.1432,1.1677,0.427,17.157,2.2159,NA,-121
"287",39.1202,-72.7943,"2018-11-08 08:40:52.0",1,15.3207,33.1121,1.0648,0.427,16.7055,2.1712,NA,-116
"288",39.1597,-72.8213,"2018-11-08 09:00:52.0",1,15.3277,33.1247,0.9801,0.4697,14.9898,2.2315,NA,-89
"289",39.2007,-72.849,"2018-11-08 09:20:52.0",1,15.3883,33.1605,1.0285,0.427,16.9764,2.2408,NA,-85
"290",39.2416,-72.8757,"2018-11-08 09:40:52.0",1,15.3463,32.9317,1.0406,0.3843,14.9898,1.9871,NA,-79
"291",39.281,-72.9016,"2018-11-08 10:00:52.0",1,15.3473,32.7281,1.0467,0.427,16.1637,1.9624,NA,-73
"292",39.3209,-72.9275,"2018-11-08 10:20:51.0",1,15.4091,32.6482,1.1132,0.3416,16.6152,1.9426,NA,-65
"293",39.3605,-72.9565,"2018-11-08 10:40:51.0",1,15.4389,32.6344,1.1737,0.3416,16.4346,2.1296,NA,-72
"294",39.399,-72.982,"2018-11-08 11:00:52.0",1,15.4136,32.6668,1.331,0.2989,16.9764,2.0732,NA,-62
"295",39.422,-73.0014,"2018-11-08 11:20:52.0",1,15.427,32.6105,1.2584,0.3416,15.7122,2.0875,NA,-66
"296",39.4415,-73.055,"2018-11-08 11:40:53.0",1,15.3724,32.5544,1.7182,0.427,14.5383,2.2035,NA,-63
"297",39.457,-73.106,"2018-11-08 12:00:52.0",1,15.3516,32.4745,1.9844,0.3416,15.035,2.3869,NA,-62
"298",39.4723,-73.1582,"2018-11-08 12:20:52.0",1,15.564,32.4357,2.0449,0.2989,14.3125,2.4727,NA,-40
"299",39.4871,-73.2093,"2018-11-08 12:40:52.0",1,15.6607,32.4473,1.7243,0.427,15.4413,2.153,NA,-38
"300",39.5018,-73.2592,"2018-11-08 13:00:52.0",1,15.6351,32.4794,1.9239,0.4057,14.8995,2.1285,NA,-41
"301",39.5174,-73.311,"2018-11-08 13:20:53.0",1,15.5601,32.546,2.0691,0.4057,15.6219,2.2982,NA,-33
"302",39.5323,-73.3617,"2018-11-08 13:40:52.0",1,15.4901,32.5755,1.936,0.4697,14.7189,2.6626,NA,-34
"303",39.5485,-73.4104,"2018-11-08 14:00:52.0",1,15.5037,32.5406,2.0691,0.3843,15.351,2.6192,NA,-32
"304",39.5669,-73.4598,"2018-11-08 14:20:52.0",1,15.6776,32.5199,2.0691,0.2562,16.7958,2.2202,NA,-34
"305",39.5843,-73.4956,"2018-11-08 14:40:52.0",1,15.7812,32.5,2.1115,0.2989,12.5517,2.1234,NA,-37
"306",39.5891,-73.5259,"2018-11-08 15:00:52.0",1,15.8022,32.4891,1.8453,0.2562,14.9898,2.0463,NA,-35
"307",39.5763,-73.5721,"2018-11-08 15:20:51.0",1,15.8351,32.5054,1.8513,0.3416,12.5968,1.9929,NA,-35
"308",39.5824,-73.5846,"2018-11-08 15:40:52.0",1,15.8695,32.5048,1.7182,0.3416,12.7774,2.0281,NA,-34
"309",39.5425,-73.5509,"2018-11-08 16:00:53.0",1,15.8138,32.4963,1.688,0.2989,12.9129,2.1219,NA,-37
"310",39.4987,-73.5176,"2018-11-08 16:20:52.0",1,15.6529,32.5062,1.815,0.2562,12.0099,2.0926,NA,-37
"311",39.4565,-73.4806,"2018-11-08 16:40:53.0",1,15.487,32.5592,1.7787,0.2989,12.2808,2.1217,NA,-38
"312",39.4157,-73.4437,"2018-11-08 17:00:52.0",1,15.5141,32.5645,1.6638,0.3416,12.1905,2.1027,NA,-37
"313",39.374,-73.4067,"2018-11-08 17:20:52.0",1,15.562,32.5594,1.6093,0.2562,11.9196,2.0951,NA,-41
"314",39.3567,-73.3946,"2018-11-08 17:40:52.0",1,15.5702,32.5601,1.7727,0.2989,11.2875,2.1771,NA,-47
"315",39.3273,-73.3744,"2018-11-08 18:00:51.0",1,15.5953,32.5549,1.6335,0.2989,10.9263,1.764,NA,-48
"316",39.285,-73.3422,"2018-11-08 18:20:53.0",1,15.6063,32.5219,1.5972,0.2989,10.6554,1.6949,NA,-49
"317",39.2419,-73.3096,"2018-11-08 18:40:53.0",1,15.5528,32.6569,1.5004,0.2989,10.9263,1.8363,NA,-54
"318",39.1994,-73.2772,"2018-11-08 19:00:53.0",1,15.5024,32.692,1.573,0.2562,10.1587,1.9489,NA,-58
"319",39.1698,-73.2569,"2018-11-08 19:20:53.0",1,15.4847,32.6959,1.5488,0.2989,10.1587,1.867,NA,-61
"320",39.1677,-73.2896,"2018-11-08 19:40:53.0",1,15.4794,32.643,1.5125,0.2135,9.8427,1.8869,NA,-59
"321",39.1491,-73.3469,"2018-11-08 20:00:52.0",1,15.4334,32.7063,1.6396,0.2562,9.4815,1.938,NA,-56
"322",39.1245,-73.4029,"2018-11-08 20:20:52.0",1,15.5253,32.629,1.5125,0.2135,9.1203,1.9157,NA,-54
"323",39.1002,-73.4587,"2018-11-08 20:40:53.0",1,15.6208,32.6837,1.573,0.2135,8.8494,2.1113,NA,-56
"324",39.0849,-73.4961,"2018-11-08 21:00:52.0",1,15.5795,32.6936,1.452,0.2135,8.8494,1.9048,NA,-52
"325",39.1092,-73.5247,"2018-11-08 21:20:52.0",1,15.7165,32.7048,1.5367,0.2349,8.8494,2.3738,NA,-48
"326",39.141,-73.5704,"2018-11-08 21:40:52.0",1,15.814,32.7451,1.6638,0.2135,8.5334,2.2646,NA,-49
"327",39.1725,-73.6159,"2018-11-08 22:00:53.0",1,15.7164,32.6734,1.8513,0.1708,8.3979,2.175,NA,-38
"328",39.2045,-73.6627,"2018-11-08 22:20:52.0",1,15.6167,32.6,NA,0.2135,7.8561,2.1674,NA,-42
"329",39.2365,-73.7097,"2018-11-08 22:40:53.0",1,15.5661,32.5475,1.0527,0.1708,7.8561,2.0776,NA,-44
"330",39.2683,-73.7558,"2018-11-08 23:00:52.0",1,15.8025,32.5893,1.5609,0.1708,7.6755,2.1483,NA,-38
"331",39.3021,-73.8029,"2018-11-08 23:20:53.0",1,15.7722,32.5165,NA,0.1708,7.54,2.2656,NA,-35
"332",39.3279,-73.8303,"2018-11-08 23:40:53.0",1,15.7759,32.5266,1.4762,0.1708,7.4949,2.135,NA,-31
"333",39.3291,-73.8731,"2018-11-09 00:00:53.0",1,15.7102,32.4678,1.4036,0.1708,7.4949,1.9336,NA,-36
"334",39.3198,-73.9347,"2018-11-09 00:20:52.0",1,15.6437,32.366,1.8513,0.1708,7.4949,1.8553,NA,-30
"335",39.3099,-73.9958,"2018-11-09 00:40:53.0",1,15.6065,32.319,1.5791,0.1708,7.224,1.7663,NA,-26
"336",39.297,-74.0545,"2018-11-09 01:00:53.0",1,15.4883,32.123,1.7606,0.1708,6.9531,1.4378,NA,-26
"337",39.2834,-74.1146,"2018-11-09 01:20:53.0",1,15.348,31.8475,2.3837,0.2135,7.1337,-0.4247,NA,-25
"338",39.2678,-74.1735,"2018-11-09 01:40:53.0",1,15.4959,31.829,NA,0.1281,6.9531,0.3152,NA,-25
"339",39.2491,-74.2297,"2018-11-09 02:00:53.0",1,15.516,31.8836,1.3189,0.2135,6.9531,0.7949,NA,-19
"340",39.2603,-74.2453,"2018-11-09 02:20:53.0",1,15.4893,31.8453,1.6275,0.1708,6.5919,NA,NA,-21
"341",39.2459,-74.3035,"2018-11-09 02:40:52.0",1,15.4419,31.8219,NA,0.2135,6.5919,1.3037,NA,-18
"342",39.2291,-74.3608,"2018-11-09 03:00:53.0",1,15.148,31.5381,NA,0.1281,7.0434,NA,NA,-15
"343",39.2121,-74.4195,"2018-11-09 03:20:53.0",1,15.1196,31.5155,1.694,0.1281,6.5016,NA,NA,-16
"344",39.2038,-74.4809,"2018-11-09 03:40:51.0",1,15.1003,31.2323,2.5107,0.1281,6.5016,NA,NA,-15
"345",39.1858,-74.5373,"2018-11-09 04:00:52.0",1,14.9025,30.8145,1.4399,0.1281,6.5919,NA,NA,-15
"346",39.1685,-74.5846,"2018-11-09 04:20:53.0",1,15.0282,30.5636,NA,0.1281,6.2307,NA,NA,-13
"347",39.2206,-74.5245,"2018-11-09 05:00:53.0",1,14.6598,30.9214,1.5125,0.1708,6.2307,4.9081,NA,-12
"348",39.2502,-74.4824,"2018-11-09 05:20:52.0",1,14.8446,31.331,1.3855,0.1281,6.005,NA,NA,-14
"349",39.2793,-74.4409,"2018-11-09 05:40:52.0",1,14.941,31.4351,NA,0.1281,5.5986,NA,NA,-12
"350",39.3051,-74.4001,"2018-11-09 06:00:53.0",1,14.8953,31.4506,1.1858,0.1708,5.5083,6.2538,NA,-9
"351",39.3286,-74.3558,"2018-11-09 06:20:53.0",1,14.8903,31.4532,1.2463,0.1281,5.6889,6.156,NA,-12
"352",39.3549,-74.3164,"2018-11-09 06:40:52.0",1,14.9419,31.4514,1.0164,0.0854,5.5986,5.1566,NA,-12
"353",39.3825,-74.2843,"2018-11-09 07:00:53.0",1,14.963,31.3374,2.0207,0.1494,5.7792,5.7478,NA,-10
"354",39.4123,-74.2552,"2018-11-09 07:20:51.0",1,15.0398,31.3334,1.5246,0.1281,5.7792,5.0823,NA,-13
"355",39.4398,-74.2261,"2018-11-09 07:40:53.0",1,14.9755,31.2904,1.0648,0.1708,5.7792,NA,NA,-12
"356",39.466,-74.1973,"2018-11-09 08:00:52.0",1,14.894,31.2065,1.3068,0.1281,6.0501,NA,NA,-15
"357",39.496,-74.1747,"2018-11-09 08:20:53.0",1,14.8868,31.1971,1.0285,0.1708,5.6889,NA,NA,-16
"358",39.5131,-74.1594,"2018-11-09 08:40:53.0",1,15.069,31.3624,1.2221,0.0854,6.5016,NA,NA,-15
"359",39.5464,-74.1446,"2018-11-09 09:00:54.0",1,15.0459,31.3019,1.2887,0.1921,5.5083,NA,NA,-16
"360",39.5804,-74.1254,"2018-11-09 09:20:53.0",1,15.0444,31.3193,1.2342,0.2562,6.0501,NA,NA,-15
"361",39.6129,-74.1043,"2018-11-09 09:40:52.0",1,15.1046,31.2986,1.2342,0.1067,6.0501,NA,NA,-17
"362",39.6414,-74.0791,"2018-11-09 10:00:52.0",1,15.2225,31.4167,1.0769,0.1708,5.2374,NA,NA,-16
"363",39.6704,-74.052,"2018-11-09 10:20:52.0",1,15.3212,31.6136,1.2342,0.1281,5.5083,NA,NA,-16
"364",39.6961,-74.018,"2018-11-09 10:40:53.0",1,15.4584,31.7525,1.0769,0.1281,5.3277,NA,NA,-18
"365",39.7066,-74.011,"2018-11-09 11:00:52.0",1,15.4146,31.7416,0.7744,0.1494,4.4247,NA,NA,-19
"366",39.719,-73.9963,"2018-11-09 11:20:53.0",1,15.4178,31.7834,1.3673,0.1708,5.9598,NA,NA,-20
"367",39.7497,-73.9673,"2018-11-09 11:40:51.0",1,15.446,31.812,0.968,0.1281,5.5986,NA,NA,-21
"368",39.7804,-73.9388,"2018-11-09 12:00:53.0",1,15.4038,31.831,0.9196,0.2562,5.9598,-3.1789,NA,-22
"369",39.8033,-73.9027,"2018-11-09 12:20:51.0",1,15.3744,31.8861,0.968,0.0854,5.5083,0.2013,NA,-24
"370",39.8208,-73.8587,"2018-11-09 12:40:52.0",1,15.3339,32.1081,0.7381,0.1708,5.3277,0.6651,NA,-25
"371",39.8381,-73.817,"2018-11-09 13:00:52.0",1,15.2949,32.1492,1.0164,0.2135,4.7408,-1.9508,NA,-24
"372",39.8659,-73.7878,"2018-11-09 13:20:52.0",1,15.1782,32.1293,0.9317,0.2135,5.9598,NA,NA,-25
"373",39.9064,-73.7773,"2018-11-09 13:40:53.0",1,15.1877,32.13,1.0285,0.2135,5.2374,-6.0946,NA,-27
"374",39.9459,-73.7665,"2018-11-09 14:00:53.0",1,15.0861,32.1046,1.1253,0.1708,5.5986,NA,NA,-27
"375",39.9884,-73.7648,"2018-11-09 14:20:52.0",1,15.038,32.1245,1.0709,0.1708,5.0568,NA,NA,-27
"376",39.9941,-73.7599,"2018-11-09 14:40:52.0",1,15.0295,32.1401,0.6534,0.2135,5.2374,NA,NA,-27
"377",39.9647,-73.756,"2018-11-09 15:00:52.0",1,15.0057,32.1676,1.452,0.1708,6.2307,NA,NA,-26
"378",39.9818,-73.713,"2018-11-09 15:20:52.0",1,14.9846,32.2505,1.0164,0.2135,6.4113,NA,NA,-29
"379",40.0093,-73.6755,"2018-11-09 15:40:53.0",1,14.9481,32.3124,0.7986,0.1708,5.9598,-4.7867,NA,-33
"380",40.0373,-73.639,"2018-11-09 16:00:52.0",1,15.001,32.316,2.0267,0.0427,2.7993,NA,NA,-38
"381",40.0669,-73.6024,"2018-11-09 16:20:52.0",1,15.0594,32.2999,1.4218,0.0427,2.709,-1.398,NA,-37
"382",40.097,-73.5645,"2018-11-09 16:40:53.0",1,14.9613,32.3663,1.1979,0.0854,2.709,0.4784,NA,-66
"383",40.126,-73.5266,"2018-11-09 17:00:51.0",1,14.8942,32.4708,1.2584,0.1708,2.8445,1.4677,NA,-39
"384",40.1555,-73.4875,"2018-11-09 17:20:52.0",1,14.882,32.4694,1.2584,0.427,3.0702,1.325,NA,-40
"385",40.157,-73.4635,"2018-11-09 17:40:52.0",1,14.8805,32.4893,1.1556,0.5124,3.5217,1.3528,NA,-40
"386",40.1841,-73.4271,"2018-11-09 18:00:52.0",1,14.686,32.368,1.3915,0.427,4.8762,0.3817,NA,-35
"387",40.2113,-73.3903,"2018-11-09 18:20:52.0",1,14.4686,32.1982,2.5289,0.3843,5.5534,NA,NA,-37
"388",40.2428,-73.3558,"2018-11-09 18:40:53.0",1,14.2756,32.0302,3.0673,0.3843,7.4497,31.4536,NA,-35
"389",40.2742,-73.3229,"2018-11-09 19:00:51.0",1,14.3189,32.0037,3.3154,0.427,NA,30.2407,NA,-35
"390",40.3062,-73.2904,"2018-11-09 19:20:52.0",1,14.0912,31.8548,3.1581,0.2989,13.3644,NA,NA,-33
"391",40.3299,-73.2569,"2018-11-09 19:40:53.0",1,14.1257,31.8517,3.5755,0.3843,16.4346,28.1096,NA,-33
"392",40.3344,-73.2389,"2018-11-09 20:00:52.0",1,14.2349,31.9055,4.3923,0.3629,16.0734,29.0465,NA,-34
"393",40.3395,-73.2123,"2018-11-09 20:20:53.0",1,14.3269,31.9479,3.2489,0.3843,16.4346,26.8861,NA,-35
"394",40.3639,-73.22,"2018-11-09 20:40:52.0",1,14.23,31.887,2.5955,0.3843,16.2992,NA,NA,-31
"395",40.4017,-73.2583,"2018-11-09 21:00:53.0",1,14.1975,31.8107,2.0993,0.2989,15.1704,-3.5032,NA,-29
"396",40.4398,-73.2981,"2018-11-09 21:20:52.0",1,14.2384,31.7801,1.7908,0.3416,15.667,-1.1445,NA,-26
"397",40.4804,-73.3317,"2018-11-09 21:40:53.0",1,14.233,31.6686,1.6335,0.427,15.7122,-1.3965,NA,-25
"398",40.4935,-73.3348,"2018-11-09 22:00:53.0",1,14.2292,31.6616,1.7908,0.3843,14.8995,-1.2265,NA,-24
"399",40.4914,-73.3136,"2018-11-09 22:20:52.0",1,14.229,31.6557,1.7545,0.3416,15.6219,-0.3748,NA,-26
"400",40.491,-73.3802,"2018-11-09 22:43:23.0",1,14.1139,31.668,1.694,0.1281,3.3411,NA,NA,-21
"401",40.4486,-73.7356,"2018-11-10 00:36:17.0",1,14.3702,31.6673,1.2826,0,3.2508,0.8378,NA,-27
"402",40.4508,-73.7848,"2018-11-10 00:56:16.0",1,14.2096,31.2481,1.2584,0,4.0635,-2.7905,NA,-27
"403",40.451,-73.8488,"2018-11-10 01:16:17.0",1,13.5128,29.224,1.5246,0.0427,5.8695,NA,NA,-25
"404",40.4489,-73.9149,"2018-11-10 01:36:16.0",1,13.1425,25.4896,1.2463,0.0427,18.1051,3.8967,NA,-16
"405",40.4736,-73.969,"2018-11-10 01:56:17.0",1,12.9868,24.8618,1.3552,0.0854,12.6872,4.3302,NA,-10
"406",40.4773,-74.0264,"2018-11-10 02:16:16.0",1,12.7142,22.3164,1.2947,0.0427,16.7055,4.0218,NA,-13
"407",40.4628,-74.0351,"2018-11-10 02:36:17.0",1,12.7445,22.2981,1.2221,0.0854,18.1503,3.9815,NA,-5
"408",40.4647,-74.0342,"2018-11-10 02:56:17.0",1,12.7617,22.3475,1.2221,0.427,14.6286,3.9785,NA,-5
"409",40.4616,-74.0387,"2018-11-10 03:16:17.0",1,12.775,22.9003,1.1979,0.3416,15.2607,3.7756,NA,-7
"410",40.4656,-74.0318,"2018-11-10 03:36:16.0",1,12.7854,22.392,1.1737,0.1708,23.8392,3.8314,NA,-4
"411",40.4632,-74.0366,"2018-11-10 03:56:15.0",1,12.7596,22.9944,1.1858,0.3416,22.8459,3.7682,NA,-5
"412",40.4661,-74.0306,"2018-11-10 04:16:17.0",1,12.744,22.8431,1.1374,0.3416,23.7489,3.5483,NA,-4
"413",40.4673,-74.0296,"2018-11-10 04:36:17.0",1,12.7917,21.4891,1.1374,0.2989,15.1252,3.752,NA,-7
"414",40.4665,-74.0281,"2018-11-10 04:56:57.0",1,12.5367,20.6843,1.2463,0.2135,23.478,3.6879,NA,-4
"415",40.4658,-74.0294,"2018-11-10 05:16:15.0",1,12.5243,20.6784,1.2947,0.4697,20.0466,3.741,NA,-4
"416",40.4653,-74.0291,"2018-11-10 05:36:15.0",1,12.648,20.2133,1.1495,0.2562,22.2138,3.4423,NA,-4
"417",40.463,-74.028,"2018-11-10 05:56:15.0",1,12.5443,20.7721,1.4036,0.4697,24.1101,3.6308,NA,-4
"418",40.4601,-74.0279,"2018-11-10 06:16:15.0",1,12.4792,20.7769,1.3431,0.6405,23.5232,3.7937,NA,-6
"419",40.4574,-74.0285,"2018-11-10 06:36:16.0",1,12.4926,20.6893,1.5851,0.5124,16.7958,3.6289,NA,-6
"420",40.4551,-74.028,"2018-11-10 06:56:17.0",1,12.4843,20.7237,1.2584,1.4518,24.5616,3.5827,NA,-6
"421",40.4542,-74.0249,"2018-11-10 07:16:16.0",1,12.5,20.924,1.7061,1.708,15.0801,3.8413,NA,-6
"422",40.4555,-74.018,"2018-11-10 07:36:18.0",1,12.5238,21.1227,1.7545,1.5799,25.1937,3.6704,NA,-6
"423",40.4574,-74.0187,"2018-11-10 07:56:17.0",1,12.4866,21.0663,1.7303,0.2135,14.8092,3.9402,NA,-6
"424",40.4609,-74.0214,"2018-11-10 08:16:17.0",1,12.4481,21.0455,1.6759,0.5124,23.478,3.9558,NA,-6
"425",40.46,-74.0241,"2018-11-10 08:36:16.0",1,12.4385,21.0781,1.6819,0.4697,15.1704,4.0096,NA,-6
"426",40.4597,-74.0259,"2018-11-10 08:56:17.0",1,12.4228,21.1372,1.8271,0.3416,24.381,4.0915,NA,-6
"427",40.459,-74.0267,"2018-11-10 09:16:18.0",1,12.4162,21.1813,1.9844,0.2562,21.3108,4.3499,NA,-6
"428",40.4595,-74.0247,"2018-11-10 09:36:16.0",1,12.3636,20.5663,1.9058,0.427,22.1235,3.8016,NA,-6
"429",40.4618,-74.0291,"2018-11-10 09:56:17.0",1,12.4262,20.2514,1.8816,0.3843,22.3041,3.7068,NA,-6
"430",40.4628,-74.0275,"2018-11-10 10:16:16.0",1,12.5324,20.0517,1.8755,0.5124,25.9161,3.5823,NA,-4
"431",40.4631,-74.0261,"2018-11-10 10:36:17.0",1,12.5114,20.2813,1.9118,0.427,21.0399,3.8578,NA,-4
"432",40.4629,-74.0232,"2018-11-10 10:56:16.0",1,12.6532,20.1722,1.8513,0.2989,19.1887,3.6445,NA,-6
"433",40.4624,-74.0304,"2018-11-10 11:16:18.0",1,12.667,19.9502,1.8271,0.427,19.0533,3.5566,NA,-6
"434",40.4677,-74.0316,"2018-11-10 11:36:17.0",1,12.6653,20.2916,2.0207,0.427,24.2456,3.8565,NA,-7
"435",40.4676,-74.0347,"2018-11-10 11:56:16.0",1,12.6691,20.5088,2.178,0.427,23.2071,3.9875,NA,-7
"436",40.2522,-72.6727,"2018-11-11 12:48:59.0",1,14.3794,32.4315,1.9844,0.0427,2.7993,6.4439,NA,-54
"437",40.2651,-72.66,"2018-11-11 13:08:58.0",1,14.5072,32.5332,1.0527,0.0427,3.928,5.0576,NA,-54
"438",40.2823,-72.6018,"2018-11-11 13:28:58.0",1,14.5845,32.63,0.9559,0.0427,8.3076,5.0362,NA,-51
"439",40.3042,-72.5463,"2018-11-11 13:48:57.0",1,14.5724,32.7501,0.6897,0.2135,10.8811,NA,NA,-49
"440",40.3289,-72.505,"2018-11-11 14:08:57.0",1,14.5514,32.6923,0.8591,0.5124,7.1337,4.3588,NA,-49
"441",40.336,-72.5015,"2018-11-11 14:28:57.0",1,14.5755,32.7046,0.7744,0.2989,11.739,4.1444,NA,-50
"442",40.3295,-72.4371,"2018-11-11 14:48:58.0",1,14.6448,32.7557,0.6534,0.2989,11.3778,3.6021,NA,-51
"443",40.3277,-72.3761,"2018-11-11 15:08:58.0",1,14.6997,32.7462,0.6776,0.8113,16.6152,4.0063,NA,-52
"444",40.3314,-72.333,"2018-11-11 15:28:57.0",1,14.6949,32.7482,1.0406,0.427,17.6085,4.3098,NA,-55
"445",40.3315,-72.3342,"2018-11-11 15:30:00.0",1,14.53,32.856,NA,NA,NA,NA,NA,-55
"446",40.3323,-72.3366,"2018-11-11 15:48:57.0",1,14.7052,32.7405,0.7683,0.2989,15.9831,4.0742,NA,-55
"447",40.3354,-72.2969,"2018-11-11 16:08:59.0",1,14.7454,32.7674,0.6655,0.427,13.8159,NA,NA,-55
"448",40.3311,-72.2297,"2018-11-11 16:28:57.0",1,14.754,32.8054,0.7502,0.5551,16.6152,NA,NA,-59
"449",40.3272,-72.1635,"2018-11-11 16:48:57.0",1,14.7556,32.7894,0.9317,0.427,15.5768,NA,NA,-61
"450",40.3293,-72.0978,"2018-11-11 17:08:58.0",1,14.8205,32.8735,1.1556,0.427,14.5383,NA,NA,-60
"451",40.3307,-72.0817,"2018-11-11 17:17:00.0",1,14.67,32.981,NA,NA,NA,NA,NA,-60
"452",40.3322,-72.0832,"2018-11-11 17:28:56.0",1,14.8132,32.8724,1.3068,0.427,15.1704,NA,NA,-60
"453",40.3489,-72.1039,"2018-11-11 17:48:58.0",1,14.7623,32.875,1.3371,0.3843,14.2674,NA,NA,-60
"454",40.3851,-72.1348,"2018-11-11 18:08:58.0",1,14.7848,32.8678,1.3552,0.3416,12.3711,NA,NA,-61
"455",40.415,-72.1654,"2018-11-11 18:28:56.0",1,14.7587,32.8739,1.4399,0.4057,13.545,NA,NA,-59
"456",40.435,-72.1765,"2018-11-11 18:48:56.0",1,14.6885,32.8584,1.5367,0.3416,12.7323,NA,NA,-58
"457",40.4804,-72.1831,"2018-11-11 19:08:58.0",1,14.6231,32.7986,1.573,0.3416,13.1838,NA,NA,-56
"458",40.5268,-72.1899,"2018-11-11 19:28:58.0",1,14.6389,32.7785,1.567,0.2989,11.1972,NA,NA,-54
"459",40.5727,-72.1979,"2018-11-11 19:48:58.0",1,14.632,32.6437,1.6093,0.3416,10.7457,4.9736,NA,-50
"460",40.6163,-72.2059,"2018-11-11 20:08:57.0",1,14.4383,32.465,1.936,0.3202,9.933,6.8326,NA,-49
"461",40.6603,-72.2152,"2018-11-11 20:28:58.0",1,14.3633,32.3944,2.2506,0.2989,9.7524,7.6683,NA,-46
"462",40.7067,-72.2253,"2018-11-11 20:48:58.0",1,14.2386,32.3313,1.9965,0.2989,9.5718,8.7997,NA,-43
"463",40.7518,-72.2346,"2018-11-11 21:08:58.0",1,13.9693,32.2517,2.3111,0.2989,8.9397,7.8182,NA,-40
"464",40.7979,-72.2448,"2018-11-11 21:28:58.0",1,13.7632,32.1399,1.6275,0.2562,8.8494,6.9515,NA,-37
"465",40.8312,-72.2525,"2018-11-11 21:48:58.0",1,13.6831,32.0265,1.4883,0.2562,9.03,6.2462,NA,-32
"466",40.8515,-72.232,"2018-11-11 22:08:56.0",1,13.6157,32.0191,2.3353,0.2562,8.8494,6.525,NA,-31
"467",40.8907,-72.1915,"2018-11-11 22:28:57.0",1,13.5652,32.0199,1.5246,0.2135,8.5785,7.8866,NA,-24
"468",40.9146,-72.1769,"2018-11-11 22:48:57.0",1,13.4568,31.978,1.6638,0.2135,7.8561,9.3321,NA,-19
"469",40.8465,-71.8908,"2018-11-12 00:55:52.0",1,13.9673,32.2798,1.7787,0,2.9799,7.1795,NA,-38
"470",40.8541,-71.8223,"2018-11-12 01:15:49.0",1,13.453,31.9707,1.7001,-0.0427,2.7993,6.2105,NA,-42
"471",40.8637,-71.7592,"2018-11-12 01:35:49.0",1,13.3703,31.9204,1.452,0,3.1605,5.2241,NA,-50
"472",40.871,-71.7022,"2018-11-12 01:55:50.0",1,13.8812,32.2545,1.9058,0,6.005,7.2242,NA,-56
"473",40.881,-71.6345,"2018-11-12 02:15:50.0",1,13.941,32.2812,1.7182,0.0427,5.5534,6.9771,NA,-53
"474",40.8881,-71.5751,"2018-11-12 02:35:50.0",1,14.0864,32.4684,1.4097,0.0854,3.3411,6.4097,NA,-54
"475",40.9039,-71.5128,"2018-11-12 02:55:51.0",1,14.3575,32.6894,1.4278,0.3843,3.0702,6.2524,NA,-53
"476",40.9278,-71.4973,"2018-11-12 03:15:50.0",1,14.3522,32.665,1.4399,0.2562,4.1538,6.1457,NA,-52
"477",40.9541,-71.4527,"2018-11-12 03:35:50.0",1,14.1843,32.6071,1.2826,0.0427,16.9764,5.9428,NA,-53
"478",40.9802,-71.4006,"2018-11-12 03:55:50.0",1,13.8766,32.4114,1.9239,0.4484,3.1605,6.5677,NA,-43
"479",41.0074,-71.3449,"2018-11-12 04:15:50.0",1,13.8528,32.4096,2.1659,0.4057,15.9831,8.5888,NA,-44
"480",41.0346,-71.3046,"2018-11-12 04:35:49.0",1,14.0579,32.4816,1.8876,0.2135,18.6018,7.0908,NA,-40
"481",41.0699,-71.2635,"2018-11-12 04:56:45.0",1,13.8737,32.4368,2.6983,0.2135,NA,9.6322,NA,-40
"482",41.0862,-71.2581,"2018-11-12 05:15:49.0",1,13.8673,32.4338,2.7709,0.3629,16.7958,9.3956,NA,-35
"483",41.0628,-71.2102,"2018-11-12 05:35:49.0",1,13.972,32.4371,2.4321,0.2135,16.9764,8.6124,NA,-35
"484",41.0351,-71.1618,"2018-11-12 05:55:49.0",1,14.1425,32.4506,1.8029,0.2562,16.8409,7.456,NA,-39
"485",41.0035,-71.111,"2018-11-12 06:15:51.0",1,14.057,32.3655,2.178,0.3843,17.7891,8.6448,NA,-46
"486",40.9763,-71.0674,"2018-11-12 06:35:50.0",1,14.3102,32.4806,1.8876,0.3629,17.2021,7.245,NA,-47
"487",40.9463,-71.0194,"2018-11-12 06:55:49.0",1,14.4684,32.5493,1.8755,0.2989,17.157,6.1746,NA,-50
"488",40.9141,-70.9687,"2018-11-12 07:15:51.0",1,14.4264,32.536,1.809,0.3416,17.5182,6.4593,NA,-55
"489",40.8863,-70.9262,"2018-11-12 07:35:49.0",1,14.5237,32.507,1.9723,0.3843,16.9764,6.9386,NA,-54
"490",40.8556,-70.88,"2018-11-12 07:55:50.0",1,14.4816,32.4729,1.9118,0.3416,17.157,6.9689,NA,-53
"491",40.8228,-70.8347,"2018-11-12 08:15:50.0",1,14.3743,32.4343,1.9905,0.2989,17.7891,6.8193,NA,-53
"492",40.7946,-70.7968,"2018-11-12 08:35:50.0",1,14.3978,32.5065,1.8392,0.2989,16.7958,6.3299,NA,-56
"493",40.7635,-70.7555,"2018-11-12 08:55:49.0",1,14.3792,32.6277,1.7061,0.2776,16.4346,4.3391,NA,-60
"494",40.7318,-70.71,"2018-11-12 09:15:50.0",1,14.3109,32.6419,1.7787,0.3416,16.5249,4.8476,NA,-61
"495",40.7043,-70.6709,"2018-11-12 09:35:50.0",1,14.3042,32.6339,1.7243,0.2989,12.9129,4.0714,NA,-60
"496",40.6721,-70.631,"2018-11-12 09:55:49.0",1,14.3426,32.6628,1.6154,0.3843,15.7574,3.7321,NA,-59
"497",40.6683,-70.6322,"2018-11-12 10:15:49.0",1,14.3578,32.666,1.7787,0.4697,14.4931,3.8123,NA,-60
"498",40.6632,-70.6297,"2018-11-12 10:35:49.0",1,14.3682,32.6706,1.7182,0.3843,15.4413,3.6674,NA,-60
"499",40.6863,-70.6232,"2018-11-12 10:55:50.0",1,14.2629,32.6376,1.6819,0.3416,16.1637,3.5893,NA,-61
"500",40.7345,-70.6246,"2018-11-12 11:15:49.0",1,14.2449,32.6168,1.8755,0.3843,16.4797,4.0677,NA,-56
"501",40.7758,-70.6189,"2018-11-12 11:35:49.0",1,14.4419,32.5804,1.9118,0.3843,15.4413,5.5968,NA,-55
"502",40.8027,-70.5986,"2018-11-12 11:55:49.0",1,14.4722,32.5534,2.0933,0.3843,15.3962,5.5452,NA,-53
"503",40.7934,-70.532,"2018-11-12 12:15:50.0",1,14.4307,32.5326,1.9965,0.3843,14.8995,6.3545,NA,-52
"504",40.785,-70.4754,"2018-11-12 12:35:50.0",1,14.489,32.5676,2.0631,0.3416,14.8995,5.648,NA,-51
"505",40.7758,-70.4135,"2018-11-12 12:55:49.0",1,14.4796,32.5526,1.8634,0.3416,13.9062,5.4796,NA,-49
"506",40.7602,-70.3495,"2018-11-12 13:15:50.0",1,14.3517,32.4593,1.9239,0.4697,15.8928,5.38,NA,-48
"507",40.7523,-70.2929,"2018-11-12 13:35:51.0",1,14.1539,32.4187,2.0328,0.427,13.3644,5.9641,NA,-45
"508",40.7435,-70.2301,"2018-11-12 13:55:50.0",1,13.9105,32.38,2.2567,0.427,14.3125,8.536,NA,-42
"509",40.7349,-70.1628,"2018-11-12 14:15:50.0",1,13.8582,32.3725,2.4684,0.3843,14.2674,9.3362,NA,-40
"510",40.7362,-70.1045,"2018-11-12 14:35:50.0",1,13.8862,32.3641,2.5531,0.3416,17.8343,12.1785,NA,-39
"511",40.7353,-70.0409,"2018-11-12 14:55:50.0",1,12.6853,31.9341,2.0993,0.2989,15.0801,NA,NA,-34
"512",40.7391,-69.9714,"2018-11-12 15:15:50.0",1,12.5831,31.9503,1.9118,0.427,11.3778,4.4182,NA,-32
"513",40.7429,-69.9109,"2018-11-12 15:35:50.0",1,12.6115,31.9443,1.815,0.3843,14.448,4.4967,NA,-34
"514",40.7479,-69.8432,"2018-11-12 15:55:49.0",1,12.8073,31.9426,1.8029,0.3416,14.0868,4.8077,NA,-42
"515",40.7502,-69.8385,"2018-11-12 16:01:00.0",1,12.65,32.048,NA,NA,NA,NA,NA,-41
"516",40.7532,-69.8353,"2018-11-12 16:15:51.0",1,12.8052,31.9409,1.8029,0.3416,12.5517,4.5472,NA,-41
"517",40.7727,-69.8589,"2018-11-12 16:35:49.0",1,12.6441,31.9885,1.7303,0.3843,14.8092,4.6702,NA,-36
"518",40.7974,-69.9093,"2018-11-12 16:55:49.0",1,12.8172,31.9416,1.6335,0.3416,14.8092,4.2736,NA,-28
"519",40.8227,-69.9621,"2018-11-12 17:15:49.0",1,12.6555,31.9159,1.7303,0.3416,13.545,5.1053,NA,-25
"520",40.8427,-70.0066,"2018-11-12 17:35:50.0",1,13.0408,32.0394,1.8513,0.3416,12.3711,7.1214,NA,-16
"521",40.8644,-70.0562,"2018-11-12 17:55:50.0",1,13.3582,32.1461,1.815,0.3416,12.1905,9.1405,NA,-20
"522",40.8885,-70.1097,"2018-11-12 18:15:50.0",1,13.7459,32.307,1.6093,0.3416,11.739,8.7514,NA,-25
"523",40.9104,-70.1546,"2018-11-12 18:35:50.0",1,13.9888,32.4056,1.688,0.2989,11.1069,8.8232,NA,-26
"524",40.934,-70.2057,"2018-11-12 18:55:49.0",1,13.9535,32.3817,1.8876,0.2989,10.7457,9.1199,NA,-28
"525",40.9593,-70.2612,"2018-11-12 19:15:50.0",1,13.8453,32.3414,NA,0.2989,10.2491,8.2275,NA,-34
"526",40.9831,-70.3077,"2018-11-12 19:35:50.0",1,13.6011,32.3198,3.2791,0.2562,10.6554,6.7418,NA,-38
"527",40.9985,-70.3395,"2018-11-12 19:55:50.0",1,13.6775,32.3417,2.1538,0.2562,10.0233,6.2308,NA,-39
"528",40.9928,-70.402,"2018-11-12 20:15:50.0",1,14.1077,32.399,1.9239,0.2135,10.1136,4.205,NA,-39
"529",40.9949,-70.4589,"2018-11-12 20:35:50.0",1,14.0858,32.3335,2.0812,0.2562,9.5718,5.3875,NA,-41
"530",40.9973,-70.522,"2018-11-12 20:55:49.0",1,14.1458,32.3007,1.6456,0.2135,9.03,7.4074,NA,-46
"531",40.9979,-70.5892,"2018-11-12 21:15:50.0",1,14.271,32.3753,2.0812,0.2135,8.8494,7.4841,NA,-47
"532",40.9982,-70.6463,"2018-11-12 21:35:50.0",1,14.2401,32.3826,1.6819,0.2562,8.8494,7.6972,NA,-45
"533",40.9971,-70.6729,"2018-11-12 21:55:49.0",1,14.2136,32.3771,2.5229,0.2135,8.6688,7.5149,NA,-50
"534",41.0464,-70.6479,"2018-11-12 22:15:50.0",1,14.1748,32.3735,2.6983,0.1708,8.5785,8.1247,NA,-43
"535",41.0893,-70.6295,"2018-11-12 22:35:49.0",1,13.6963,32.2891,1.7243,0.2135,8.8494,8.327,NA,-42
"536",41.0987,-70.626,"2018-11-12 22:55:50.0",1,13.6943,32.2897,1.452,0.2135,8.8042,8.682,NA,-41
"537",41.1005,-70.6246,"2018-11-12 23:15:50.0",1,13.6204,32.2852,1.4157,0.2135,8.127,8.1618,NA,-41
"538",41.1323,-70.6543,"2018-11-12 23:35:50.0",1,13.4292,32.267,1.8211,0.1708,8.0367,7.3069,NA,-40
"539",41.173,-70.695,"2018-11-12 23:55:50.0",1,13.4644,32.2501,2.0509,0.1708,7.8561,7.5812,NA,-32
